{"cameraMode":{"drawMode":0,"name":"Shaded","section":"Shading Mode"},"sceneLighting":true,"audioPlay":false,"sceneViewState":{"m_AlwaysRefresh":false,"showFog":true,"showSkybox":true,"showFlares":true,"showImageEffects":true,"showParticleSystems":true,"showVisualEffectGraphs":true,"m_FxEnabled":true},"in2DMode":false,"pivot":{"x":-0.859779953956604,"y":0.06346379220485687,"z":-0.3235166668891907},"rotation":{"x":-0.31216415762901308,"y":0.6862475872039795,"z":-0.4355181157588959,"w":-0.4918774366378784},"size":14.875870704650879,"orthographic":true}