{"cameraMode":{"drawMode":0,"name":"Shaded","section":"Shading Mode"},"sceneLighting":false,"audioPlay":false,"sceneViewState":{"m_AlwaysRefresh":false,"showFog":true,"showSkybox":false,"showFlares":true,"showImageEffects":true,"showParticleSystems":true,"showVisualEffectGraphs":true,"m_FxEnabled":true},"in2DMode":false,"pivot":{"x":4.670000076293945,"y":6.479999542236328,"z":11.050000190734864},"rotation":{"x":0.34226319193840029,"y":0.41779395937919619,"z":-0.17364321649074555,"w":0.8235040307044983},"size":8.825828552246094,"orthographic":true}