{"cameraMode":{"drawMode":0,"name":"Shaded","section":"Shading Mode"},"sceneLighting":true,"audioPlay":false,"sceneViewState":{"m_AlwaysRefresh":false,"showFog":true,"showSkybox":true,"showFlares":true,"showImageEffects":true,"showParticleSystems":true,"showVisualEffectGraphs":true,"m_FxEnabled":true},"in2DMode":false,"pivot":{"x":2.2885818481445314,"y":5.923908233642578,"z":-3.010774612426758},"rotation":{"x":0.34226319193840029,"y":0.41779395937919619,"z":-0.17364321649074555,"w":0.8235040307044983},"size":16.423030853271486,"orthographic":true}